City_ID,City,Date,Lat,Lng,Max Temp,Humidity,Cloudiness,Cloudiness,Wind Speed
0,Palmer,2022-03-23 01:50:38,42.1584,-72.3287,42.42,38,20,20,16.11
1,Ahipara,2022-03-23 01:50:38,-35.1667,173.1667,71.62,66,8,8,8.37
2,Busselton,2022-03-23 01:47:28,-33.65,115.3333,67.24,47,2,2,12.5
3,Albany,2022-03-23 01:47:50,42.6001,-73.9662,39.52,45,59,59,6.26
4,Atuona,2022-03-23 01:50:15,-9.8,-139.0333,79.09,80,100,100,14.7
5,Khovu-Aksy,2022-03-23 01:50:39,51.1333,93.6,16.68,76,100,100,1.81
6,Punta Arenas,2022-03-23 01:42:45,-53.15,-70.9167,44.71,65,0,0,19.57
7,Saint-Augustin,2022-03-23 01:50:40,51.226,-58.6502,30.54,91,81,81,10.58
8,Vaini,2022-03-23 01:47:36,-21.2,-175.2,84.36,84,100,100,6.91
9,Shahr-E Babak,2022-03-23 01:50:41,30.1165,55.1186,51.84,37,0,0,3.76
10,Trinidad,2022-03-23 01:50:41,-14.8333,-64.9,74.07,93,22,22,3.29
11,Rikitea,2022-03-23 01:43:35,-23.1203,-134.9692,79.34,72,12,12,10.78
12,Klaksvik,2022-03-23 01:50:42,62.2266,-6.589,47.32,89,100,100,18.99
13,Bandarbeyla,2022-03-23 01:50:43,9.4942,50.8122,74.19,84,3,3,2.28
14,Lundazi,2022-03-23 01:50:43,-12.2929,33.1782,61.72,98,29,29,5.03
15,Chastyye,2022-03-23 01:50:41,57.2888,54.9728,27.28,90,87,87,8.25
16,Cabo San Lucas,2022-03-23 01:46:04,22.8909,-109.9124,73.71,62,0,0,11.5
17,Bluff,2022-03-23 01:47:25,-46.6,168.3333,65.23,72,31,31,5.37
18,East London,2022-03-23 01:50:44,-33.0153,27.9116,69.17,85,0,0,8.59
19,Arraial Do Cabo,2022-03-23 01:50:45,-22.9661,-42.0278,75.22,69,23,23,14.36
20,Avarua,2022-03-23 01:47:36,-21.2078,-159.775,84.25,74,100,100,10.36
21,Thompson,2022-03-23 01:50:41,55.7435,-97.8558,28.56,93,100,100,4.61
22,Baghdad,2022-03-23 01:50:46,33.3406,44.4009,49.91,62,0,0,3.44
23,Abhayapuri,2022-03-23 01:50:46,26.3333,90.6667,81.66,40,24,24,7.09
24,La Paz,2022-03-23 01:50:21,-16.5,-68.15,48.18,93,75,75,6.91
25,Cape Town,2022-03-23 01:43:25,-33.9258,18.4232,68.11,81,0,0,12.66
26,Poum,2022-03-23 01:50:01,-20.2333,164.0167,80.31,74,51,51,9.93
27,Ushuaia,2022-03-23 01:41:33,-54.8,-68.3,46.02,65,20,20,19.57
28,Severo-Kurilsk,2022-03-23 01:50:48,50.6789,156.125,28.27,82,100,100,18.88
29,Mataura,2022-03-23 01:43:26,-46.1927,168.8643,78.17,42,0,0,1.86
30,Belmonte,2022-03-23 01:50:49,-15.8631,-38.8828,75.52,86,29,29,6.02
31,Provideniya,2022-03-23 01:43:36,64.3833,-173.3,17.71,79,100,100,0.0
32,Samarai,2022-03-23 01:50:50,-10.6167,150.6667,86.11,68,100,100,8.41
33,Sapele,2022-03-23 01:50:50,5.8941,5.6767,79.56,89,100,100,3.09
34,Bilma,2022-03-23 01:50:51,18.6853,12.9164,65.82,21,4,4,15.21
35,Longyearbyen,2022-03-23 01:50:05,78.2186,15.6401,4.84,66,20,20,10.36
36,Victoria,2022-03-23 01:49:46,22.2855,114.1577,66.94,93,100,100,1.01
37,Kiruna,2022-03-23 01:50:52,67.8557,20.2251,36.52,70,100,100,12.66
38,Cape Coast,2022-03-23 01:50:53,5.1053,-1.2466,80.96,84,100,100,8.03
39,Mareeba,2022-03-23 01:50:54,-17.0,145.4333,85.66,62,5,5,5.48
40,Lorengau,2022-03-23 01:50:54,-2.0226,147.2712,84.63,70,100,100,5.59
41,Quelimane,2022-03-23 01:50:55,-17.8786,36.8883,70.93,93,66,66,4.63
42,Mandalgovi,2022-03-23 01:50:55,45.7625,106.2708,27.45,32,6,6,6.67
43,Saint-Philippe,2022-03-23 01:43:35,-21.3585,55.7679,76.59,87,23,23,6.78
44,Mar Del Plata,2022-03-23 01:42:19,-38.0023,-57.5575,68.09,95,0,0,11.99
45,Lakes Entrance,2022-03-23 01:50:56,-37.8811,147.981,69.17,49,7,7,9.1
46,Vostok,2022-03-23 01:50:15,46.4856,135.8833,30.4,73,100,100,6.26
47,Lavrentiya,2022-03-23 01:47:26,65.5833,-171.0,15.71,80,46,46,3.85
48,Georgetown,2022-03-23 01:46:25,5.4112,100.3354,87.73,86,20,20,3.44
49,Jamestown,2022-03-23 01:47:39,42.097,-79.2353,46.04,31,0,0,8.05
50,Butaritari,2022-03-23 01:47:41,3.0707,172.7902,81.14,73,58,58,17.72
51,Biu,2022-03-23 01:51:58,10.6129,12.1946,79.5,15,100,100,4.68
52,Marzuq,2022-03-23 01:51:58,14.4,46.4667,70.77,44,21,21,5.48
53,Saldanha,2022-03-23 01:51:59,-33.0117,17.9442,64.45,83,88,88,4.94
54,Port Elizabeth,2022-03-23 01:48:55,-33.918,25.5701,67.1,99,100,100,3.44
55,Cherskiy,2022-03-23 01:47:29,68.75,161.3,28.83,82,21,21,9.57
56,Xining,2022-03-23 01:51:59,36.6167,101.7667,46.49,26,6,6,2.39
57,Conakry,2022-03-23 01:47:55,9.538,-13.6773,77.16,76,74,74,5.99
58,Kapaa,2022-03-23 01:47:41,22.0752,-159.319,75.18,83,75,75,12.66
59,Nova Olinda Do Norte,2022-03-23 01:52:00,-3.8881,-59.0942,73.81,96,69,69,1.61
60,Isangel,2022-03-23 01:52:01,-19.55,169.2667,81.93,80,99,99,7.76
61,Pevek,2022-03-23 01:52:02,69.7008,170.3133,26.98,78,100,100,22.91
62,Aklavik,2022-03-23 01:52:02,68.2191,-135.0107,-2.74,94,100,100,14.72
63,Hofn,2022-03-23 01:52:03,64.2539,-15.2082,44.4,92,100,100,8.63
64,Hasaki,2022-03-23 01:48:40,35.7333,140.8333,46.29,49,85,85,15.64
65,Chokurdakh,2022-03-23 01:52:04,70.6333,147.9167,1.36,95,97,97,6.35
66,Nanortalik,2022-03-23 01:52:04,60.1432,-45.2371,23.88,72,100,100,7.81
67,Ribeira Grande,2022-03-23 01:52:06,38.5167,-28.7,60.8,68,100,100,11.21
68,Qasigiannguit,2022-03-23 01:52:07,68.8193,-51.1922,0.3,98,100,100,6.89
69,Leshukonskoye,2022-03-23 01:52:07,64.8989,45.7622,29.05,85,94,94,9.44
70,Bredasdorp,2022-03-23 01:47:35,-34.5322,20.0403,69.24,89,100,100,13.13
71,Mozarlandia,2022-03-23 01:52:08,-14.7447,-50.5706,75.38,76,7,7,3.69
72,Ossora,2022-03-23 01:52:08,59.2353,163.0719,26.2,86,100,100,15.55
73,Erzin,2022-03-23 01:52:09,36.9559,36.2,40.71,73,1,1,3.67
74,Berlevag,2022-03-23 01:52:09,70.8578,29.0864,28.2,64,100,100,25.01
75,Axim,2022-03-23 01:52:09,4.8699,-2.2405,79.7,86,100,100,6.11
76,Giyon,2022-03-23 01:52:10,8.5333,37.9833,61.81,74,90,90,1.21
77,Jennings,2022-03-23 01:52:10,38.7192,-90.2604,56.17,92,100,100,3.44
78,Bambous Virieux,2022-03-23 01:48:52,-20.3428,57.7575,79.05,94,75,75,8.05
79,Egvekinot,2022-03-23 01:50:10,66.3167,-179.1667,14.16,89,12,12,2.57
80,Katherine,2022-03-23 01:47:24,-14.4667,132.2667,91.72,52,0,0,4.61
81,Yellowknife,2022-03-23 01:43:38,62.456,-114.3525,13.41,65,100,100,12.66
82,Paso De Los Toros,2022-03-23 01:52:12,-32.8167,-56.5167,64.81,96,77,77,5.82
83,Ouadda,2022-03-23 01:52:12,8.0777,22.4007,69.75,51,100,100,4.85
84,Geraldton,2022-03-23 01:52:13,-28.7667,114.6,82.81,39,0,0,6.91
85,Kyenjojo,2022-03-23 01:52:13,0.6328,30.6214,59.83,97,100,100,2.75
86,Pedra Branca,2022-03-23 01:52:13,-5.4542,-39.7172,70.21,94,76,76,3.24
87,Fare,2022-03-23 01:52:14,-16.7,-151.0167,81.14,71,85,85,7.74
88,Fort Nelson,2022-03-23 01:52:14,58.8053,-122.7002,24.39,68,75,75,4.61
89,Lebu,2022-03-23 01:50:12,-37.6167,-73.65,55.85,83,100,100,1.23
90,Ustrzyki Dolne,2022-03-23 01:52:15,49.4304,22.5938,37.42,71,0,0,3.49
91,Oussouye,2022-03-23 01:52:15,12.485,-16.5469,71.78,58,11,11,12.15
92,Sitka,2022-03-23 01:52:16,57.0531,-135.33,44.49,57,100,100,32.21
93,Leningradskiy,2022-03-23 01:50:09,69.3833,178.4167,31.3,83,92,92,5.12
94,Mugur-Aksy,2022-03-23 01:53:17,50.35,90.5,14.38,76,100,100,4.59
95,Sobolevo,2022-03-23 01:53:17,54.4299,31.8996,31.95,98,100,100,4.18
96,Tevaitoa,2022-03-23 01:53:18,-16.7833,-151.5,81.34,72,100,100,8.08
97,Faanui,2022-03-23 01:43:34,-16.4833,-151.75,81.23,72,100,100,8.52
98,Sturgeon Bay,2022-03-23 01:48:36,44.8342,-87.377,37.76,75,100,100,10.36
99,Barrow,2022-03-23 01:50:02,71.2906,-156.7887,-11.18,70,0,0,11.5
100,Sabha,2022-03-23 01:53:19,27.0377,14.4283,48.02,53,0,0,13.27
101,Srisailam,2022-03-23 01:53:20,16.0833,78.8667,80.94,51,59,59,3.04
102,Cidreira,2022-03-23 01:48:50,-30.1811,-50.2056,72.01,81,100,100,22.82
103,Muros,2022-03-23 01:53:20,42.7762,-9.0603,51.84,92,100,100,4.38
104,Tiksi,2022-03-23 01:47:38,71.6872,128.8694,-4.77,91,81,81,2.17
105,Dikson,2022-03-23 01:43:29,73.5069,80.5464,10.8,89,100,100,16.08
106,Puerto Ayora,2022-03-23 01:47:34,-0.7393,-90.3518,80.55,90,100,100,5.99
107,College,2022-03-23 01:53:22,64.8569,-147.8028,14.29,50,75,75,11.5
108,Sao Miguel Do Araguaia,2022-03-23 01:53:23,-13.275,-50.1628,73.56,80,12,12,3.85
109,Laurel,2022-03-23 01:50:39,39.0993,-76.8483,58.87,54,0,0,6.91
110,Hermanus,2022-03-23 01:43:38,-34.4187,19.2345,71.8,88,100,100,12.66
111,Hobart,2022-03-23 01:47:34,-42.8794,147.3294,60.66,57,75,75,11.5
112,Mababanaba,2022-03-23 01:53:23,15.4972,120.4605,88.12,51,23,23,5.48
113,Nome,2022-03-23 01:53:24,64.5011,-165.4064,17.17,57,3,3,2.33
114,Cockburn Town,2022-03-23 01:48:38,21.4612,-71.1419,77.61,76,0,0,24.18
115,Flinders,2022-03-23 01:53:24,-34.5833,150.8552,73.18,74,100,100,5.01
116,Druskininkai,2022-03-23 01:53:25,54.0167,23.9667,40.69,71,0,0,4.43
117,Ewa Beach,2022-03-23 01:53:25,21.3156,-158.0072,77.68,74,75,75,12.66
118,Batemans Bay,2022-03-23 01:53:26,-35.7167,150.1833,64.78,90,100,100,8.28
119,Borba,2022-03-23 01:53:26,-4.3878,-59.5939,74.1,97,79,79,2.51
120,Aasiaat,2022-03-23 01:53:27,68.7098,-52.8699,-3.59,95,96,96,7.63
121,Mirebalais,2022-03-23 01:53:27,18.8333,-72.1053,81.32,67,16,16,1.99
122,Qaanaaq,2022-03-23 01:53:28,77.484,-69.3632,-8.27,97,100,100,2.64
123,Bam,2022-03-23 01:53:28,29.106,58.357,69.78,18,0,0,10.02
124,Boleslawiec,2022-03-23 01:53:29,51.2642,15.5697,45.39,50,0,0,2.75
125,Amuntai,2022-03-23 01:53:29,-2.4177,115.2494,82.53,69,100,100,1.16
126,Biak,2022-03-23 01:53:29,-0.9131,122.8766,76.98,84,100,100,5.44
127,Miyako,2022-03-23 01:53:30,39.6367,141.9525,43.43,52,64,64,9.62
128,Torbay,2022-03-23 01:53:30,47.6666,-52.7314,30.58,85,75,75,12.66
129,Abalak,2022-03-23 01:53:31,58.1286,68.5944,24.21,96,100,100,8.63
130,Hilo,2022-03-23 01:47:37,19.7297,-155.09,80.33,72,40,40,6.91
131,Bor,2022-03-23 01:53:31,56.3567,44.0669,30.13,99,56,56,5.82
132,Irbil,2022-03-23 01:53:32,36.1926,44.0106,46.22,81,40,40,2.3
133,Sakaiminato,2022-03-23 01:53:32,35.55,133.2333,48.18,66,75,75,6.91
134,San Pedro,2022-03-23 01:53:33,14.35,121.0167,89.31,62,20,20,3.44
135,Touros,2022-03-23 01:53:33,-5.1989,-35.4608,79.34,84,100,100,10.07
136,Port Alfred,2022-03-23 01:50:03,-33.5906,26.891,69.44,87,0,0,10.38
137,Starodub,2022-03-23 01:53:34,52.5844,32.7633,30.45,96,30,30,5.03
138,Karpogory,2022-03-23 01:53:34,64.0019,44.4451,28.47,88,98,98,9.15
139,Ebolowa,2022-03-23 01:53:34,2.9,11.15,70.32,99,100,100,1.9
140,Marathon,2022-03-23 01:54:35,44.9,-89.7668,35.19,89,100,100,19.57
141,Canmore,2022-03-23 01:54:35,51.0834,-115.3521,50.11,91,100,100,8.05
142,Saskylakh,2022-03-23 01:54:36,71.9167,114.0833,-9.63,98,94,94,2.28
143,Barceloneta,2022-03-23 01:54:36,18.4505,-66.5385,77.95,82,2,2,11.39
144,Biltine,2022-03-23 01:54:36,14.5333,20.9167,77.32,12,100,100,9.71
145,Aswan,2022-03-23 01:54:37,24.0934,32.907,54.7,37,0,0,9.22
146,Saint George,2022-03-23 01:54:37,37.1041,-113.5841,64.99,26,0,0,23.02
147,Pangnirtung,2022-03-23 01:48:57,66.1451,-65.7125,-13.27,81,13,13,5.84
148,Tasiilaq,2022-03-23 01:48:41,65.6145,-37.6368,-0.15,65,77,77,5.64
149,Jumla,2022-03-23 01:54:38,29.2747,82.1838,55.13,42,0,0,2.64
150,Umm Kaddadah,2022-03-23 01:54:38,13.6017,26.6876,73.81,16,100,100,18.52
151,Upernavik,2022-03-23 01:54:39,72.7868,-56.1549,-6.12,89,100,100,1.39
152,Carnarvon,2022-03-23 01:54:39,-24.8667,113.6333,82.47,61,97,97,11.5
153,Ponta Do Sol,2022-03-23 01:54:39,32.6667,-17.1,61.05,70,26,26,12.08
154,Khatanga,2022-03-23 01:48:56,71.9667,102.5,-4.41,93,100,100,3.24
155,Sibu,2022-03-23 01:54:40,2.3,111.8167,80.91,83,20,20,7.0
156,Mazagao,2022-03-23 01:54:40,-0.115,-51.2894,82.45,97,84,84,2.57
157,Yabelo,2022-03-23 01:54:41,4.8833,38.0833,61.79,64,63,63,3.18
158,Chichihualco,2022-03-23 01:54:42,17.6833,-99.65,69.73,49,100,100,6.24
159,Parana,2022-03-23 01:51:03,-31.732,-60.5238,71.55,96,99,99,6.42
160,Atasu,2022-03-23 01:54:42,48.6814,71.6433,6.42,99,95,95,7.96
161,Itaguai,2022-03-23 01:54:43,-22.8522,-43.7753,76.68,69,100,100,6.91
162,Magnor,2022-03-23 01:54:43,59.9511,12.1996,31.8,81,0,0,2.26
163,Rio Gallegos,2022-03-23 01:50:14,-51.6226,-69.2181,50.05,46,100,100,13.8
164,Nikolskoye,2022-03-23 01:47:27,59.7035,30.7861,33.71,95,89,89,4.25
165,Mount Gambier,2022-03-23 01:54:44,-37.8333,140.7667,66.11,48,100,100,16.11
166,Codrington,2022-03-23 01:54:44,-38.2667,141.9667,63.34,53,74,74,14.25
167,Emba,2022-03-23 01:54:45,48.8264,58.1442,12.69,100,100,100,5.88
168,Ippy,2022-03-23 01:54:45,6.2679,21.2247,73.49,74,95,95,5.88
169,Murgab,2022-03-23 01:54:46,37.4966,61.9714,48.07,61,75,75,6.91
170,Riberalta,2022-03-23 01:54:46,-10.9833,-66.1,73.56,98,51,51,1.61
171,Lokosovo,2022-03-23 01:54:47,61.1333,74.8167,3.06,99,100,100,3.94
172,Ancud,2022-03-23 01:54:47,-41.8697,-73.8203,50.23,88,97,97,17.0
173,San Ramon,2022-03-23 01:51:37,37.7799,-121.978,82.53,38,0,0,10.36
174,Awjilah,2022-03-23 01:54:51,29.1081,21.2869,47.08,59,0,0,7.54
175,Curuguaty,2022-03-23 01:54:52,-24.4694,-55.6945,77.83,68,99,99,6.31
176,Norman Wells,2022-03-23 01:54:52,65.282,-126.8329,3.24,78,100,100,14.97
177,Constitucion,2022-03-23 01:54:03,-35.3333,-72.4167,54.27,88,0,0,14.29
178,Ayagoz,2022-03-23 01:54:53,47.9714,80.4392,24.15,84,100,100,15.95
179,Haldensleben,2022-03-23 01:54:54,52.2891,11.4098,42.53,63,0,0,2.68
180,Guiyang,2022-03-23 01:54:54,26.5833,106.7167,48.69,87,100,100,2.24
181,Tilichiki,2022-03-23 01:54:55,60.4667,166.1,31.1,82,100,100,11.27
182,Shabo,2022-03-23 01:54:55,46.1326,30.386,37.47,72,0,0,9.15
183,Pinhao,2022-03-23 01:54:56,-25.6956,-51.6597,61.45,83,46,46,6.51
184,Vardo,2022-03-23 01:50:12,70.3705,31.1107,30.34,68,100,100,25.5
185,Fairbanks,2022-03-23 01:48:54,64.8378,-147.7164,14.31,51,75,75,18.41
186,Longonjo,2022-03-23 01:55:57,-12.9067,15.2533,64.94,94,100,100,2.59
187,Fortuna,2022-03-23 01:55:57,40.5982,-124.1573,52.93,88,19,19,1.01
188,Olonets,2022-03-23 01:55:57,60.9847,32.9698,25.7,99,98,98,3.47
189,Namatanai,2022-03-23 01:48:41,-3.6667,152.4333,84.97,65,99,99,9.15
190,Amboasary,2022-03-23 01:55:58,-25.0333,46.3833,67.59,90,0,0,3.98
191,Inverell,2022-03-23 01:55:59,-29.7833,151.1167,84.11,55,100,100,3.0
192,Joshimath,2022-03-23 01:50:15,30.5667,79.5667,58.1,35,0,0,6.02
193,Hit,2022-03-23 01:56:00,33.6416,42.8251,52.45,44,0,0,7.11
194,Finschhafen,2022-03-23 01:56:01,-6.6024,147.8681,84.97,72,100,100,8.48
195,Stromness,2022-03-23 01:54:51,58.965,-3.296,40.96,86,62,62,8.46
196,Sao Felix Do Xingu,2022-03-23 01:56:02,-6.6447,-51.995,72.64,98,100,100,1.28
197,Aban,2022-03-23 01:56:02,56.67,96.06,24.85,89,100,100,11.27
198,Sisimiut,2022-03-23 01:56:03,66.9395,-53.6735,-7.19,97,75,75,5.86
199,Sungaipenuh,2022-03-23 01:56:04,-2.0833,101.3833,76.48,52,34,34,3.02
200,Udachnyy,2022-03-23 01:56:04,66.4167,112.4,7.45,77,100,100,4.65
201,Ust-Kuyga,2022-03-23 01:56:05,70.0167,135.6,1.85,85,99,99,3.49
202,Kovur,2022-03-23 01:56:05,14.4833,79.9833,82.04,82,100,100,7.94
203,Carman,2022-03-23 01:56:06,49.4992,-98.0016,35.94,80,19,19,9.22
204,Florianopolis,2022-03-23 01:56:06,-27.6146,-48.5012,72.7,81,75,75,5.75
205,Cururupu,2022-03-23 01:56:07,-1.8283,-44.8683,74.01,97,99,99,1.61
206,Jiaozuo,2022-03-23 01:56:07,35.2397,113.2331,58.32,45,4,4,6.06
207,Gidam,2022-03-23 01:56:08,18.9833,81.4,80.76,25,13,13,0.29
208,Komsomolskiy,2022-03-23 01:56:08,40.4272,71.7189,47.12,87,75,75,0.0
209,Vila,2022-03-23 01:56:09,42.0304,-8.1588,41.88,93,100,100,4.05
210,Bukama,2022-03-23 01:56:10,-9.2,25.85,67.73,97,100,100,1.1
211,Kruisfontein,2022-03-23 01:56:10,-34.0033,24.7314,64.89,92,0,0,3.29
212,Sosnovka,2022-03-23 01:56:11,56.255,51.2842,18.75,99,81,81,4.0
213,Pisco,2022-03-23 01:56:11,-13.7,-76.2167,68.05,77,0,0,19.57
214,Paamiut,2022-03-23 01:56:12,61.994,-49.6678,13.84,84,100,100,6.51
215,Narsaq,2022-03-23 01:56:12,60.9167,-46.05,18.48,66,100,100,8.77
216,Port Blair,2022-03-23 01:56:12,11.6667,92.75,78.84,94,40,40,2.3
217,Linqiong,2022-03-23 01:56:13,30.4159,103.4609,57.02,79,92,92,2.98
218,Hamada,2022-03-23 01:56:13,34.8833,132.0833,47.12,53,100,100,1.05
219,Kutum,2022-03-23 01:56:14,14.2,24.6667,68.45,15,100,100,7.49
220,Summerside,2022-03-23 01:56:14,46.3959,-63.7876,35.69,69,100,100,16.11
221,Wahiawa,2022-03-23 01:56:15,21.5028,-158.0236,76.77,76,100,100,11.39
222,Maltahohe,2022-03-23 01:56:15,-24.8333,16.9833,70.7,56,51,51,5.59
223,Port Shepstone,2022-03-23 01:56:16,-30.7414,30.455,70.2,85,8,8,12.15
224,Vila Franca Do Campo,2022-03-23 01:56:16,37.7167,-25.4333,59.2,83,27,27,5.88
225,Muncar,2022-03-23 01:56:16,-8.4333,114.3333,84.27,73,37,37,3.0
226,Maningrida,2022-03-23 01:56:17,-12.0667,134.2667,87.57,63,100,100,5.73
227,Humberto De Campos,2022-03-23 01:56:17,-2.5983,-43.4611,75.16,94,92,92,4.59
228,Malaya Vishera,2022-03-23 01:56:18,58.8454,32.2222,26.11,98,28,28,3.83
229,Airai,2022-03-23 01:56:18,-8.9266,125.4092,73.72,60,15,15,2.48
230,Vestmannaeyjar,2022-03-23 01:56:19,63.4427,-20.2734,45.28,94,100,100,3.29
231,Bagdarin,2022-03-23 01:56:19,54.4333,113.6,21.15,73,59,59,0.47
232,Korla,2022-03-23 01:57:20,41.7597,86.1469,45.81,60,13,13,4.05
233,Sao Jose Da Coroa Grande,2022-03-23 01:57:20,-8.8978,-35.1478,79.05,83,80,80,3.94
234,Byron Bay,2022-03-23 01:57:23,-28.65,153.6167,84.7,58,15,15,8.05
235,Kolyvan,2022-03-23 01:57:23,55.3053,82.7391,19.02,94,100,100,11.05
236,Ruy Barbosa,2022-03-23 01:57:24,-12.2839,-40.4939,70.36,94,12,12,2.42
237,Saint-Pierre,2022-03-23 01:48:51,-21.3393,55.4781,76.91,88,75,75,3.44
238,Esperance,2022-03-23 01:48:48,-33.8667,121.9,66.04,55,100,100,9.24
239,Kucevo,2022-03-23 01:57:25,44.4775,21.67,45.91,76,0,0,6.15
240,Almeirim,2022-03-23 01:57:25,-1.5233,-52.5817,73.67,94,81,81,2.8
241,Mayumba,2022-03-23 01:57:26,-3.432,10.6554,78.12,89,69,69,3.74
242,Ostersund,2022-03-23 01:57:26,63.1792,14.6357,37.62,80,100,100,16.11
243,New Norfolk,2022-03-23 01:57:27,-42.7826,147.0587,60.3,51,49,49,5.99
244,Kahului,2022-03-23 01:57:27,20.8947,-156.47,80.96,90,100,100,8.01
245,Chuy,2022-03-23 01:50:07,-33.6971,-53.4616,66.56,95,99,99,4.81
246,Adrar,2022-03-23 01:57:28,20.5022,-10.0711,70.86,13,18,18,6.49
247,Brae,2022-03-23 01:57:29,60.3964,-1.353,44.37,93,55,55,9.22
248,Sovetskiy,2022-03-23 01:57:29,61.3614,63.5842,22.77,85,100,100,11.25
249,Ibra,2022-03-23 01:57:30,22.6906,58.5334,65.26,52,2,2,1.83
250,Robertsport,2022-03-23 01:57:30,6.7533,-11.3686,78.89,89,78,78,4.9
251,Chake Chake,2022-03-23 01:57:31,-5.2459,39.7666,77.07,88,14,14,4.16
252,Tarakan,2022-03-23 01:55:05,3.3,117.6333,80.1,83,40,40,4.61
253,Oistins,2022-03-23 01:57:32,13.0667,-59.5333,77.09,73,20,20,17.27
254,Port-Gentil,2022-03-23 01:57:32,-0.7193,8.7815,80.58,79,70,70,7.76
255,San Rafael,2022-03-23 01:57:33,-34.6177,-68.3301,68.47,46,0,0,8.99
256,Pakokku,2022-03-23 01:57:33,21.3333,95.1,75.74,90,100,100,2.66
257,Puerto Colombia,2022-03-23 01:57:34,10.9878,-74.9547,78.89,80,5,5,30.04
258,Oranzherei,2022-03-23 01:57:34,45.8476,47.5663,31.26,66,0,0,4.38
259,Sechura,2022-03-23 01:57:34,-5.5569,-80.8222,72.7,73,62,62,16.06
260,Pirovskoye,2022-03-23 01:57:35,57.6267,92.2658,21.02,91,100,100,6.55
261,Kodiak,2022-03-23 01:57:35,57.79,-152.4072,31.51,69,100,100,14.97
262,Port Hawkesbury,2022-03-23 01:57:36,45.6169,-61.3485,31.17,94,100,100,21.85
263,Katete,2022-03-23 01:57:36,-0.7818,29.7544,59.65,93,99,99,2.06
264,Buala,2022-03-23 01:57:37,-8.145,159.5921,83.98,73,83,83,4.0
265,Quatre Cocos,2022-03-23 01:57:38,-20.2078,57.7625,78.91,84,28,28,10.83
266,Umm Lajj,2022-03-23 01:57:38,25.0213,37.2685,65.84,61,0,0,13.44
267,Buchanan,2022-03-23 01:57:39,5.8808,-10.0467,78.67,91,100,100,6.24
268,Kavaratti,2022-03-23 01:57:39,10.5669,72.642,83.23,62,55,55,6.06
269,Evensk,2022-03-23 01:57:39,61.95,159.2333,23.58,81,99,99,2.86
270,Garowe,2022-03-23 01:57:40,8.4054,48.4845,69.17,88,7,7,5.7
271,Beloha,2022-03-23 01:48:40,-25.1667,45.05,67.5,90,0,0,7.76
272,Gravdal,2022-03-23 01:57:40,68.1214,13.5031,41.04,94,100,100,27.45
273,Sherpur,2022-03-23 01:57:41,25.0188,90.0175,81.75,45,19,19,6.46
274,Salalah,2022-03-23 01:57:41,17.0151,54.0924,71.71,36,12,12,1.32
275,Paragominas,2022-03-23 01:57:42,-2.9667,-47.4833,72.57,99,100,100,2.89
276,Yar-Sale,2022-03-23 01:57:42,66.8333,70.8333,7.59,99,93,93,10.29
277,Naze,2022-03-23 01:57:42,28.3667,129.4833,63.52,82,100,100,5.08
278,Gat,2022-03-23 01:58:43,31.61,34.7642,47.39,69,25,25,4.36
279,Havoysund,2022-03-23 01:58:43,70.9963,24.6622,30.43,79,100,100,13.94
280,Linxia,2022-03-23 01:58:44,35.6003,103.2064,49.55,31,4,4,2.3
281,Iqaluit,2022-03-23 01:58:44,63.7506,-68.5145,-7.31,63,40,40,12.66
282,Andreapol,2022-03-23 01:58:44,56.6513,32.2664,26.6,96,1,1,3.06
283,Mehamn,2022-03-23 01:58:45,71.0357,27.8492,29.41,62,100,100,21.16
284,Qiryat Shemona,2022-03-23 01:58:45,33.2073,35.5721,40.39,80,1,1,1.52
285,Laguna,2022-03-23 01:58:46,38.421,-121.4238,82.53,45,0,0,6.91
286,Lovington,2022-03-23 01:58:46,32.944,-103.3485,45.03,30,100,100,4.0
287,Verkhoyansk,2022-03-23 01:58:46,67.5447,133.385,5.63,84,100,100,2.73
288,Castro,2022-03-23 01:50:06,-24.7911,-50.0119,55.83,94,0,0,6.87
289,Grindavik,2022-03-23 01:58:47,63.8424,-22.4338,41.47,100,100,100,6.91
290,Paicandu,2022-03-23 01:58:47,-23.4575,-52.0486,75.87,64,0,0,12.66
291,Cayenne,2022-03-23 01:58:48,4.9333,-52.3333,76.08,1,75,75,5.75
292,Hambantota,2022-03-23 01:58:48,6.1241,81.1185,77.34,100,20,20,2.3
293,Santa Maria,2022-03-23 01:58:49,-29.6842,-53.8069,70.9,94,100,100,8.05
294,Maniitsoq,2022-03-23 01:58:49,65.4167,-52.9,-3.78,95,43,43,8.28
295,Ginda,2022-03-23 01:58:49,30.6945,78.4932,59.58,24,0,0,5.14
296,Bacalar,2022-03-23 01:58:50,18.6667,-88.3833,76.78,82,0,0,5.66
297,Takayama,2022-03-23 01:58:50,36.1333,137.25,44.85,58,100,100,5.84
298,Zeya,2022-03-23 01:58:51,53.75,127.2667,29.41,60,10,10,3.42
299,Langxiang,2022-03-23 01:58:51,46.95,128.8833,36.97,50,4,4,3.83
300,Souillac,2022-03-23 01:58:51,-20.5167,57.5167,79.18,94,75,75,8.05
301,Braganca,2022-03-23 01:58:52,-1.0536,-46.7656,73.83,99,100,100,1.99
302,Ahuimanu,2022-03-23 01:58:52,21.4447,-157.8378,79.75,73,100,100,8.01
303,Limbang,2022-03-23 01:58:53,4.75,115.0,78.91,67,91,91,1.92
304,Sakakah,2022-03-23 01:58:53,29.9697,40.2064,51.37,37,0,0,3.27
305,Jichisu De Jos,2022-03-23 01:58:54,47.1167,23.8,33.58,68,0,0,1.43
306,Kaeo,2022-03-23 01:58:54,-35.1,173.7833,74.68,58,1,1,10.25
307,Richards Bay,2022-03-23 01:58:54,-28.783,32.0377,70.54,83,100,100,5.99
308,Lompoc,2022-03-23 01:58:55,34.6391,-120.4579,80.74,60,0,0,1.99
309,Mecca,2022-03-23 01:58:56,21.4267,39.8261,70.43,43,0,0,4.76
310,Christchurch,2022-03-23 01:56:11,-43.5333,172.6333,69.94,84,100,100,10.36
311,Kismayo,2022-03-23 01:58:56,-0.3582,42.5454,79.14,83,0,0,9.71
312,Vanavara,2022-03-23 01:58:57,60.34,102.2797,17.87,92,100,100,3.51
313,Camana,2022-03-23 01:58:57,-16.6228,-72.7111,69.87,84,96,96,6.67
314,Kaitangata,2022-03-23 01:58:58,-46.2817,169.8464,67.03,67,0,0,6.44
315,Nortelandia,2022-03-23 01:58:58,-14.4547,-56.8028,73.04,92,21,21,3.15
316,Along,2022-03-23 01:58:59,28.1667,94.7667,79.43,42,4,4,2.37
317,Uglovskoye,2022-03-23 01:58:59,51.3557,80.1942,20.68,94,100,100,11.97
318,Varhaug,2022-03-23 01:59:00,58.6147,5.6457,36.9,76,0,0,3.18
319,Nouadhibou,2022-03-23 01:59:00,20.931,-17.0347,62.58,77,0,0,24.16
320,Margate,2022-03-23 01:59:00,51.3813,1.3862,46.69,79,11,11,5.35
321,Nampula,2022-03-23 01:59:01,-15.1165,39.2666,71.55,100,75,75,5.99
322,Cuenca,2022-03-23 01:59:01,-2.8833,-78.9833,60.93,88,75,75,3.44
323,Morden,2022-03-23 01:57:47,49.1919,-98.1014,35.46,80,27,27,5.75
324,Aitape,2022-03-23 02:00:03,-3.1374,142.3475,86.65,60,100,100,3.09
325,Mwinilunga,2022-03-23 02:00:04,-11.7358,24.4293,60.08,99,85,85,3.24
326,Beira,2022-03-23 02:00:04,-19.8436,34.8389,72.84,89,60,60,5.46
327,Praya,2022-03-23 01:50:08,14.9215,-23.5087,68.54,77,40,40,19.57
328,Mahebourg,2022-03-23 02:00:05,-20.4081,57.7,77.25,84,29,29,11.27
329,Luderitz,2022-03-23 02:00:06,-26.6481,15.1594,63.36,89,0,0,13.42
330,Zunyi,2022-03-23 02:00:06,27.6867,106.9072,51.51,81,100,100,0.11
331,Luoyang,2022-03-23 02:00:07,34.6836,112.4536,55.06,57,6,6,5.46
332,San Quintin,2022-03-23 02:00:07,30.4833,-115.95,63.46,68,2,2,7.94
333,Morgan City,2022-03-23 02:00:08,29.6994,-91.2068,66.0,94,100,100,7.54
334,Huarmey,2022-03-23 02:00:08,-10.0681,-78.1522,71.29,81,97,97,10.98
335,Trairi,2022-03-23 01:56:22,-3.2778,-39.2689,75.36,93,100,100,5.06
336,Pacifica,2022-03-23 02:00:09,37.6138,-122.4869,75.24,80,0,0,14.97
337,Sambava,2022-03-23 02:00:09,-14.2667,50.1667,75.97,89,62,62,6.96
338,Guerrero Negro,2022-03-23 02:00:10,27.9769,-114.0611,64.06,61,0,0,16.51
339,Fredericksburg,2022-03-23 01:59:33,38.3032,-77.4605,58.17,60,0,0,4.61
340,Mackay,2022-03-23 02:00:11,-21.15,149.2,87.67,63,4,4,6.58
341,Lagunas,2022-03-23 02:00:11,-5.2269,-75.6753,73.83,87,19,19,2.1
342,Miles City,2022-03-23 02:00:12,46.4083,-105.8406,44.4,39,0,0,7.9
343,Chumikan,2022-03-23 02:00:13,54.7183,135.315,23.56,75,2,2,15.77
344,Moose Factory,2022-03-23 02:00:13,51.2585,-80.6094,7.59,97,100,100,5.39
345,Koroni,2022-03-23 02:00:11,36.8,21.95,44.31,62,34,34,14.05
346,Flin Flon,2022-03-23 02:00:14,54.7682,-101.865,31.35,86,100,100,6.33
347,Mizan Teferi,2022-03-23 02:00:15,6.9833,35.5833,65.43,78,100,100,4.23
348,Dubbo,2022-03-23 01:55:15,-32.25,148.6167,80.73,36,100,100,12.66
349,Sawtell,2022-03-23 02:00:15,-30.3833,153.1,88.18,65,53,53,6.91
350,Tigil,2022-03-23 02:00:16,57.8,158.6667,24.35,69,100,100,7.52
351,Zlocieniec,2022-03-23 02:00:17,53.5329,16.0113,42.66,57,0,0,0.51
352,Saint Paul,2022-03-23 01:57:10,44.9444,-93.0933,38.88,94,100,100,11.5
353,Ilulissat,2022-03-23 02:00:17,69.2167,-51.1,1.18,97,100,100,7.07
354,Valleyview,2022-03-23 02:00:18,55.0667,-117.2859,41.23,90,100,100,7.67
355,Tuktoyaktuk,2022-03-23 02:00:18,69.4541,-133.0374,-10.79,95,85,85,13.15
356,Santa Rosa,2022-03-23 01:58:56,14.3122,121.1114,91.09,64,35,35,6.42
357,Arti,2022-03-23 02:00:19,56.4234,58.5328,28.99,90,100,100,14.43
358,Shingu,2022-03-23 02:00:19,33.7333,135.9833,48.09,84,100,100,7.74
359,Yerbogachen,2022-03-23 02:00:20,61.2767,108.0108,20.98,92,100,100,6.71
360,Gobabis,2022-03-23 02:00:21,-22.45,18.9667,64.18,57,12,12,12.53
361,Hounde,2022-03-23 02:00:21,11.5,-3.5167,85.95,18,11,11,2.33
362,Oktyabrskiy,2022-03-23 02:00:22,54.4815,53.471,31.86,93,100,100,6.93
363,Mestia,2022-03-23 02:00:23,43.0458,42.7278,10.56,48,0,0,5.91
364,Itarema,2022-03-23 02:00:23,-2.9248,-39.9167,77.14,89,95,95,7.4
365,Roald,2022-03-23 02:00:24,62.5833,6.1333,43.75,93,26,26,8.05
366,Gambela,2022-03-23 02:00:24,8.25,34.5833,80.33,44,13,13,2.59
367,Savannah Bight,2022-03-23 02:00:25,16.45,-85.85,81.05,77,2,2,34.16
368,Broome,2022-03-23 02:00:26,42.2506,-75.833,38.01,51,94,94,1.99
369,Hami,2022-03-23 02:00:26,42.8,93.45,47.46,38,40,40,4.52
370,Asyut,2022-03-23 02:00:27,27.181,31.1837,50.32,46,0,0,6.91
371,Mbigou,2022-03-23 02:01:27,-1.9005,11.906,67.5,95,100,100,1.23
372,Ingham,2022-03-23 02:01:28,42.6,-84.3833,37.35,87,100,100,8.05
373,Lodja,2022-03-23 02:01:28,-3.4833,23.4333,66.6,99,100,100,2.39
374,Sioux Lookout,2022-03-23 02:01:29,50.1001,-91.917,32.07,93,100,100,2.3
375,Eureka,2022-03-23 02:01:29,40.8021,-124.1637,54.57,83,40,40,1.01
376,Qaqortoq,2022-03-23 02:01:30,60.7167,-46.0333,18.86,70,100,100,9.35
377,Puerto Madryn,2022-03-23 02:01:30,-42.7692,-65.0385,68.65,46,6,6,19.55
378,Muzhi,2022-03-23 02:01:31,65.3667,64.6667,21.31,81,99,99,12.53
379,Kota Bahru,2022-03-23 02:01:31,6.1333,102.2386,79.52,87,100,100,3.2
380,Baltasi,2022-03-23 02:01:32,56.3462,50.2062,21.24,98,43,43,6.6
381,Sola,2022-03-23 02:01:32,-13.8833,167.55,82.69,74,55,55,11.97
382,Key West,2022-03-23 02:01:33,24.5557,-81.7826,79.0,81,0,0,23.04
383,Bathsheba,2022-03-23 02:01:34,13.2167,-59.5167,77.47,75,38,38,17.38
384,Kodinsk,2022-03-23 02:01:35,58.6881,99.1844,21.58,93,100,100,3.6
385,Portree,2022-03-23 02:01:35,57.4129,-6.1942,52.52,73,92,92,5.57
386,Grand Gaube,2022-03-23 02:01:36,-20.0064,57.6608,77.38,90,43,43,14.63
387,Tessalit,2022-03-23 02:01:36,20.1986,1.0114,69.94,12,0,0,6.42
388,Coruripe,2022-03-23 02:01:37,-10.1256,-36.1756,77.32,86,25,25,7.09
389,Andilamena,2022-03-23 02:01:37,-17.0167,48.5833,64.08,96,90,90,3.98
390,Yulara,2022-03-23 02:01:37,-25.2406,130.9889,88.99,22,55,55,14.34
391,Wagar,2022-03-23 02:01:38,16.1525,36.2032,74.98,37,7,7,10.56
392,Lasa,2022-03-23 02:01:38,46.6166,10.7002,36.01,60,0,0,0.78
393,Matara,2022-03-23 02:01:39,5.9485,80.5353,79.21,81,38,38,6.4
394,Alice Springs,2022-03-23 02:01:40,-23.7,133.8833,89.15,19,0,0,11.5
395,Lazaro Cardenas,2022-03-23 02:01:40,17.9583,-102.2,74.35,69,99,99,6.46
396,Tres Arroyos,2022-03-23 02:01:41,-38.3739,-60.2798,61.25,58,0,0,9.24
397,Kloulklubed,2022-03-23 02:01:41,7.0419,134.2556,84.7,73,8,8,15.9
398,Vicksburg,2022-03-23 02:01:41,32.3526,-90.8779,59.23,100,100,100,9.22
399,Rancho Palos Verdes,2022-03-23 02:01:42,33.7445,-118.387,79.43,57,0,0,9.22
400,Portland,2022-03-23 01:58:19,45.5234,-122.6762,65.55,79,4,4,3.0
401,Northam,2022-03-23 02:01:42,51.0333,-4.2167,48.61,69,30,30,9.42
402,Virginia Beach,2022-03-23 01:57:11,36.8529,-75.978,58.01,77,95,95,5.59
403,Wetaskiwin,2022-03-23 02:01:43,52.9668,-113.3687,44.01,84,100,100,6.11
404,Aleksandrovsk-Sakhalinskiy,2022-03-23 02:01:43,50.8975,142.1561,28.62,73,63,63,10.67
405,San Patricio,2022-03-23 02:01:44,28.017,-97.5169,70.84,39,0,0,14.14
406,Ixtapa,2022-03-23 02:01:44,20.7,-105.2,65.19,58,0,0,1.61
407,Osmena,2022-03-23 02:01:45,10.5208,119.9258,83.25,76,33,33,6.69
408,Sayansk,2022-03-23 02:01:45,54.1088,102.1648,18.88,92,99,99,9.04
409,Shieli,2022-03-23 02:01:45,44.1667,66.75,35.22,82,100,100,6.55
410,Santana,2022-03-23 02:01:46,-0.0583,-51.1817,73.63,95,87,87,2.8
411,Talnakh,2022-03-23 02:01:46,69.4865,88.3972,2.21,89,100,100,8.99
412,Nenjiang,2022-03-23 02:01:47,49.1833,125.2167,24.66,87,90,90,2.53
413,Muisne,2022-03-23 02:01:47,0.6,-80.0333,77.74,88,100,100,4.61
414,Qostanay,2022-03-23 02:01:47,53.1667,63.5833,25.09,80,0,0,20.13
415,Rock Sound,2022-03-23 01:59:55,24.9,-76.2,75.76,79,2,2,23.58
416,Carballo,2022-03-23 02:01:48,43.213,-8.691,52.86,90,100,100,3.56
417,Vao,2022-03-23 02:02:48,-22.6667,167.4833,76.68,65,51,51,9.06
418,Gamboula,2022-03-23 02:02:49,4.1178,15.1393,70.83,75,100,100,3.42
419,Kentau,2022-03-23 02:02:49,43.5206,68.5094,35.04,79,100,100,2.95
420,Lonavale,2022-03-23 02:02:50,18.75,73.4167,73.13,40,12,12,2.46
421,Hamilton,2022-03-23 01:57:59,39.1834,-84.5333,65.5,48,100,100,4.0
422,The Pas,2022-03-23 02:02:51,53.8251,-101.2541,31.46,83,100,100,7.18
423,Bethel,2022-03-23 02:02:51,41.3712,-73.414,46.76,42,47,47,8.21
424,Ayan,2022-03-23 02:02:52,56.45,138.1667,24.31,53,100,100,11.07
425,Porto Novo,2022-03-23 02:00:34,6.4965,2.6036,81.99,81,100,100,9.13
426,Conceicao Do Araguaia,2022-03-23 02:02:53,-8.2578,-49.2647,73.27,93,100,100,3.02
427,Borger,2022-03-23 02:02:53,52.9233,6.7931,47.8,78,0,0,4.61
428,Wum,2022-03-23 02:02:54,6.3833,10.0667,72.59,58,100,100,3.56
429,Elko,2022-03-23 02:02:07,41.0002,-115.5012,43.41,65,39,39,8.03
430,Belawan,2022-03-23 02:02:54,3.7755,98.6832,80.89,78,100,100,6.02
431,Manicore,2022-03-23 01:59:38,-5.8092,-61.3003,73.87,98,83,83,2.01
432,Bombay,2022-03-23 02:01:26,19.0144,72.8479,82.38,34,40,40,0.0
433,Alta Floresta,2022-03-23 02:02:55,-9.8756,-56.0861,71.67,95,73,73,1.52
434,Champerico,2022-03-23 02:02:55,14.3,-91.9167,81.81,70,10,10,6.69
435,Springbok,2022-03-23 02:02:56,-29.6643,17.8865,64.54,74,0,0,2.13
436,Muroto,2022-03-23 02:02:56,33.2833,134.15,52.18,68,100,100,11.68
437,Nevers,2022-03-23 02:02:57,46.9167,3.3333,36.27,75,0,0,3.83
438,Bengkulu,2022-03-23 02:02:57,-3.8004,102.2655,81.79,68,44,44,3.56
439,Bastrop,2022-03-23 02:02:57,32.7562,-91.8724,57.81,92,100,100,5.01
440,Moussoro,2022-03-23 02:02:58,13.6408,16.4901,75.65,17,100,100,13.98
441,Hansot,2022-03-23 02:02:59,21.5833,72.8,77.13,32,69,69,10.71
442,Wanning,2022-03-23 02:03:00,18.8003,110.3967,84.7,66,58,58,3.24
443,Taitung,2022-03-23 02:03:00,22.7583,121.1444,70.07,100,75,75,2.3
444,Mandiana,2022-03-23 02:03:00,10.6333,-8.6833,86.58,38,68,68,4.27
445,Santa Vitoria Do Palmar,2022-03-23 02:03:01,-33.5189,-53.3681,67.5,93,100,100,4.79
446,Port Hardy,2022-03-23 02:00:28,50.6996,-127.4199,48.16,91,100,100,20.11
447,Cap Malheureux,2022-03-23 02:03:01,-19.9842,57.6142,77.47,90,42,42,14.41
448,Onega,2022-03-23 02:03:02,63.9061,38.1404,29.25,96,99,99,8.1
449,Kalat,2022-03-23 02:03:02,29.0225,66.5916,53.35,24,0,0,3.56
450,Puerto Del Rosario,2022-03-23 02:03:03,28.5004,-13.8627,60.55,72,20,20,5.75
451,Hay River,2022-03-23 02:03:03,60.8156,-115.7999,9.68,94,100,100,10.54
452,Hailar,2022-03-23 02:03:04,49.2,119.7,18.16,69,91,91,4.12
453,Imeni Poliny Osipenko,2022-03-23 02:03:04,52.4201,136.4853,23.31,76,3,3,4.29
454,Kintinku,2022-03-23 02:03:04,-5.8833,35.2333,63.97,95,48,48,2.95
455,Tenenkou,2022-03-23 02:03:05,14.4572,-4.9169,80.56,12,10,10,10.33
456,Srednekolymsk,2022-03-23 02:03:05,67.45,153.6833,14.0,88,100,100,5.99
457,Saint Anthony,2022-03-23 02:03:06,45.0205,-93.218,38.25,93,100,100,13.8
458,Arbazh,2022-03-23 02:03:06,57.6804,48.3065,33.19,85,100,100,8.52
459,Imbituba,2022-03-23 02:03:06,-28.24,-48.6703,71.82,86,82,82,11.45
460,Lewisporte,2022-03-23 02:03:07,49.2499,-55.0482,27.55,88,100,100,8.57
461,Ariquemes,2022-03-23 02:03:07,-9.9133,-63.0408,73.56,98,100,100,1.7
462,Itai,2022-03-23 02:02:10,-23.4178,-49.0906,61.59,89,0,0,8.7
463,Kadaya,2022-03-23 02:04:08,50.9327,119.2911,23.74,65,40,40,2.77
464,Mortka,2022-03-23 02:04:09,59.3322,66.0214,23.43,95,100,100,10.22
465,Khani,2022-03-23 02:04:09,41.9563,42.9566,36.97,86,21,21,6.58
466,Floirac,2022-03-23 02:04:10,44.8324,-0.5141,48.54,64,0,0,9.22
467,Togur,2022-03-23 02:04:10,58.3631,82.8265,15.13,96,100,100,4.18
468,Gueugnon,2022-03-23 02:04:10,46.6036,4.0629,35.19,74,0,0,2.51
469,Villarrica,2022-03-23 02:04:11,-25.75,-56.4333,70.59,98,100,100,3.83
470,Moyo,2022-03-23 02:04:11,3.6609,31.7247,66.51,91,90,90,2.37
471,Presidencia Roque Saenz Pena,2022-03-23 02:04:12,-26.7852,-60.4388,70.95,98,58,58,7.18
472,Cabedelo,2022-03-23 02:04:12,-6.9811,-34.8339,75.87,85,92,92,8.39
473,Dunedin,2022-03-23 02:04:13,-45.8742,170.5036,65.8,76,1,1,11.01
474,Saravan,2022-03-23 02:04:13,39.7196,45.6483,19.29,84,97,97,6.55
475,Rongcheng,2022-03-23 02:04:14,30.634,117.8517,50.02,80,98,98,1.45
476,Gabrovo,2022-03-23 02:04:14,42.8747,25.3342,30.27,86,14,14,5.77
477,Ponta Delgada,2022-03-23 02:00:32,37.7333,-25.6667,59.5,77,40,40,5.75
478,Morros,2022-03-23 02:04:15,-9.4467,-46.3003,74.1,78,68,68,1.99
479,Morondava,2022-03-23 02:04:15,-20.2833,44.2833,76.69,84,100,100,8.57
480,Coihaique,2022-03-23 02:03:57,-45.5752,-72.0662,48.09,97,99,99,3.06
481,Bedele,2022-03-23 02:04:15,8.456,36.353,61.9,64,96,96,1.83
482,Ongandjera,2022-03-23 02:04:16,-17.8833,15.0667,70.99,76,91,91,7.76
483,Kuala Terengganu,2022-03-23 02:04:16,5.3302,103.1408,80.42,82,100,100,2.28
484,Peniche,2022-03-23 02:00:26,39.3558,-9.3811,54.09,93,100,100,6.35
485,Hithadhoo,2022-03-23 02:04:17,-0.6,73.0833,83.95,68,0,0,15.79
486,Aden,2022-03-23 02:04:17,12.7794,45.0367,77.61,83,90,90,14.09
487,Tete,2022-03-23 02:01:36,-16.1564,33.5867,67.73,98,62,62,2.55
488,Marshalltown,2022-03-23 02:04:18,42.0494,-92.908,49.78,93,100,100,4.61
489,Namibe,2022-03-23 02:04:18,-15.1961,12.1522,75.07,77,100,100,3.74
490,Henties Bay,2022-03-23 02:04:19,-22.116,14.2845,68.68,90,100,100,5.55
491,Takhtamygda,2022-03-23 02:04:19,54.1,123.5667,28.09,63,47,47,0.94
492,Roros,2022-03-23 02:04:20,62.5747,11.3842,17.44,93,20,20,2.3
493,Ojinaga,2022-03-23 02:01:42,29.5667,-104.4167,59.95,29,40,40,14.97
494,Kurilsk,2022-03-23 02:04:20,45.2333,147.8833,32.61,71,13,13,10.69
495,Kudahuvadhoo,2022-03-23 02:04:21,2.6708,72.8944,82.56,67,0,0,12.57
496,Kibakwe,2022-03-23 02:04:21,-6.7167,36.3667,62.19,97,95,95,3.0
497,Katobu,2022-03-23 02:04:21,-4.9408,122.5276,79.68,84,100,100,5.95
498,Savinka,2022-03-23 02:04:22,50.0785,47.0994,16.12,86,9,9,9.93
499,Mae Sai,2022-03-23 02:04:22,20.4335,99.8762,77.68,80,100,100,1.86
500,Rassvet,2022-03-23 02:04:23,46.8333,40.75,29.89,73,0,0,6.71
501,Leninskoye,2022-03-23 02:04:23,41.7589,69.3864,38.5,91,100,100,10.4
502,Tual,2022-03-23 02:04:24,-5.6667,132.75,79.65,85,100,100,14.47
503,Concordia,2022-03-23 02:00:03,-31.393,-58.0209,70.79,95,100,100,8.01
504,Emerald,2022-03-23 02:04:24,-23.5333,148.1667,89.35,36,1,1,4.36
505,Deputatskiy,2022-03-23 02:04:25,69.3,139.9,1.98,88,92,92,3.67
506,Tacoronte,2022-03-23 02:04:25,28.4769,-16.4102,54.16,97,100,100,20.71
507,Kapuskasing,2022-03-23 02:04:25,49.4169,-82.4331,25.07,96,100,100,5.91
508,Katghora,2022-03-23 02:04:26,22.5,82.55,77.11,17,7,7,4.32
509,Padang,2022-03-23 02:04:26,-0.9492,100.3543,80.65,65,32,32,0.78
510,Corsicana,2022-03-23 02:04:02,32.0954,-96.4689,50.63,67,17,17,5.01
511,La Asuncion,2022-03-23 02:05:27,11.0333,-63.8628,76.64,82,0,0,17.85
512,Warkworth,2022-03-23 02:05:27,-36.4,174.6667,73.9,82,100,100,4.74
513,Kotovo,2022-03-23 02:05:28,50.3211,44.8012,17.1,92,15,15,8.63
514,Otavi,2022-03-23 02:05:28,-19.65,17.3333,63.64,70,64,64,7.45
515,North Platte,2022-03-23 02:05:29,41.1239,-100.7654,45.12,34,0,0,20.0
516,Rocha,2022-03-23 02:05:31,-34.4833,-54.3333,63.19,96,82,82,6.15
517,Ambon,2022-03-23 02:05:11,-3.6954,128.1814,77.14,94,40,40,4.61
518,Benalla,2022-03-23 02:05:32,-36.55,145.9833,73.15,32,0,0,11.3
519,Pandan,2022-03-23 02:05:33,14.0453,124.1694,84.25,67,96,96,6.15
520,Spring Valley,2022-03-23 02:05:33,36.108,-115.245,73.29,22,20,20,11.99
521,Sarahan,2022-03-23 02:05:34,31.5167,77.8,52.99,38,0,0,6.31
522,Yenagoa,2022-03-23 02:05:35,4.9247,6.2642,78.84,89,100,100,3.11
523,Olinala,2022-03-23 02:05:35,17.8333,-98.85,73.38,33,100,100,6.78
524,Mountain Home,2022-03-23 02:05:36,43.133,-115.6912,54.88,94,0,0,10.36
525,Koshurnikovo,2022-03-23 02:05:36,54.1667,93.3,23.05,92,100,100,3.47
526,Kirakira,2022-03-23 02:05:37,-10.4544,161.9205,84.83,70,58,58,7.9
527,Kaniama,2022-03-23 02:05:37,-7.5667,24.1833,64.29,95,100,100,1.5
528,Havre-Saint-Pierre,2022-03-23 02:05:38,50.2334,-63.5986,32.36,65,98,98,26.17
529,Visnes,2022-03-23 02:05:38,59.3556,5.2242,37.22,93,2,2,8.05
530,Ulsteinvik,2022-03-23 02:05:39,62.3432,5.8487,43.75,63,25,25,1.01
531,Montepuez,2022-03-23 02:05:40,-13.1256,38.9997,68.27,96,48,48,2.48
532,The Valley,2022-03-23 02:05:40,18.217,-63.0578,77.83,73,20,20,9.22
533,Seoul,2022-03-23 02:01:43,37.5683,126.9778,45.79,46,100,100,7.54
534,Vilyuysk,2022-03-23 02:05:42,63.7553,121.6247,19.45,92,100,100,4.32
535,Atar,2022-03-23 02:05:42,20.5169,-13.0499,72.72,21,0,0,11.83
536,Clyde River,2022-03-23 02:05:43,70.4692,-68.5914,-20.88,94,35,35,5.06
537,Dingle,2022-03-23 02:05:43,10.9995,122.6711,87.58,60,54,54,9.8
538,Mahibadhoo,2022-03-23 02:05:44,3.7833,72.9667,82.56,67,7,7,11.9
539,Tonneins,2022-03-23 02:05:45,44.3921,0.3124,48.67,65,16,16,13.29
540,Bereda,2022-03-23 02:05:45,43.2686,-7.5406,49.57,100,100,100,0.76
541,Rio Negrinho,2022-03-23 02:05:46,-26.2544,-49.5183,59.94,100,51,51,1.57
542,Selenduma,2022-03-23 02:05:46,50.9131,106.2406,17.35,91,100,100,3.18
543,Belaya Gora,2022-03-23 02:05:47,68.5333,146.4167,3.52,87,100,100,2.91
544,Beisfjord,2022-03-23 02:05:47,68.3751,17.5988,41.05,98,100,100,7.99
545,Itupiranga,2022-03-23 02:05:48,-5.1347,-49.3267,73.94,96,100,100,1.43
546,Gilgit,2022-03-23 02:05:48,35.9221,74.3087,50.38,58,100,100,2.59
547,Saint-Georges,2022-03-23 02:05:49,12.0564,-61.7485,77.92,73,4,4,15.77
548,Mogok,2022-03-23 02:05:49,22.9167,96.5,68.77,68,100,100,2.1
549,Chekhov,2022-03-23 02:05:50,55.1431,37.4711,26.85,98,15,15,4.18
550,Harrismith,2022-03-23 02:05:50,-28.2728,29.1295,51.6,94,76,76,2.46
551,Boyolangu,2022-03-23 02:05:51,-8.1181,111.8935,83.89,70,100,100,5.12
552,Goma,2022-03-23 02:05:52,-1.6792,29.2228,61.65,93,91,91,2.06
553,Suntar,2022-03-23 02:05:52,62.1444,117.6319,23.2,85,95,95,7.23
554,Miri,2022-03-23 02:01:21,4.4148,114.0089,77.7,84,100,100,4.7
555,Teya,2022-03-23 02:05:53,60.3778,92.6267,21.18,91,100,100,5.08
556,Segezha,2022-03-23 02:06:54,63.7415,34.3222,26.04,95,95,95,6.64
557,Caravelas,2022-03-23 02:06:54,-17.7125,-39.2481,73.15,93,38,38,5.08
558,Merghindeal,2022-03-23 02:06:55,45.9667,24.7333,37.06,68,0,0,2.86
559,Santa Isabel Do Rio Negro,2022-03-23 02:06:56,-0.4139,-65.0192,73.98,96,5,5,2.8
560,Olathe,2022-03-23 02:06:56,38.8814,-94.8191,42.91,92,100,100,20.71
561,Hovd,2022-03-23 02:06:57,48.0056,91.6419,27.5,38,100,100,6.06
562,Kirkwood,2022-03-23 02:06:57,38.5834,-90.4068,55.74,91,100,100,5.75
563,Lanxi,2022-03-23 02:06:58,29.2195,119.477,48.18,85,100,100,0.22
564,Xai-Xai,2022-03-23 02:06:59,-25.0519,33.6442,69.55,86,38,38,1.81
565,Kemin,2022-03-23 02:06:59,42.7846,75.6892,30.49,96,100,100,3.91
566,Sibolga,2022-03-23 02:07:00,1.7427,98.7792,83.07,71,88,88,0.47
567,Vendas Novas,2022-03-23 02:07:00,38.6771,-8.4579,50.58,94,100,100,4.97
568,Shimanovsk,2022-03-23 02:07:01,52.0,127.7,30.58,60,96,96,4.16
569,Coahuayana,2022-03-23 02:07:01,18.7333,-103.6833,68.92,74,15,15,0.54
570,Olafsvik,2022-03-23 02:07:02,64.8945,-23.7142,32.77,92,100,100,21.43
571,Havelock,2022-03-23 02:07:02,34.8791,-76.9013,62.58,85,75,75,6.91
572,Tommot,2022-03-23 02:07:03,58.9564,126.2925,24.12,81,100,100,8.3
573,Nadym,2022-03-23 02:07:03,65.5333,72.5167,5.34,97,93,93,12.08
574,Lubbock,2022-03-23 02:07:04,33.6001,-101.8338,46.65,31,20,20,14.97
575,Carauari,2022-03-23 02:07:04,-4.8828,-66.8958,74.14,95,64,64,1.54
576,Tepelene,2022-03-23 02:07:05,40.2958,20.0192,42.93,65,0,0,4.23
577,Camacha,2022-03-23 02:07:05,33.0833,-16.3333,56.62,67,40,40,14.97
578,Tuatapere,2022-03-23 02:07:06,-46.1333,167.6833,74.17,51,62,62,2.59
579,Romanovo,2022-03-23 02:07:07,52.6182,81.2271,17.6,94,99,99,10.31
580,Zaria,2022-03-23 02:07:07,11.1113,7.7227,75.36,20,100,100,1.23
